{
    "A": {
        "vel_params": [
            1.245,
            0.1017,
            0.445,
            0.22,
            0.08
        ],
        "tv_params": [
            5.4254999999999995,
            26.4041
        ],
        "qra_params": [
            0.09999999999999998,
            0.30000000000000004,
            0.138
        ],
        "tr_params": [
            26.4041
        ],
        "pro_params": [
            {
                "t": 0,
                "pop": [
                    1
                ],
                "prb": [
                    1
                ]
            }
        ]
    },
    "B": {
        "vel_params": [
            1.245,
            0.1017,
            0.445,
            0.22,
            0.08
        ],
        "tv_params": [
            5.4254999999999995,
            26.4041
        ],
        "qra_params": [
            0.09999999999999998,
            0.30000000000000004,
            0.5,
            0.138,
            0.138
        ],
        "tr_params": [
            26.4041,
            52.4465
        ],
        "pro_params": [
            {
                "t": 0,
                "pop": [
                    1
                ],
                "prb": [
                    1
                ]
            }
        ]
    },
    "C": {
        "vel_params": [
            1.245,
            0.1017,
            0.445,
            0.35600000000000004,
            0.22,
            0.08,
            0.22
        ],
        "tv_params": [
            5.4254999999999995,
            26.4041,
            52.4465
        ],
        "qra_params": [
            0.09999999999999998,
            0.30000000000000004,
            0.138
        ],
        "tr_params": [
            26.4041
        ],
        "pro_params": [
            {
                "t": 0,
                "pop": [
                    1
                ],
                "prb": [
                    1
                ]
            }
        ]
    },
    "D": {
        "vel_params": [
            1.245,
            0.1017,
            0.445,
            0.22,
            0.08
        ],
        "tv_params": [
            5.4254999999999995,
            26.4041
        ],
        "qra_params": [
            0.09999999999999998,
            0.30000000000000004,
            0.138
        ],
        "tr_params": [
            26.4041
        ],
        "pro_params": [
            {
                "t": 0,
                "pop": [
                    1
                ],
                "prb": [
                    1
                ]
            },
            {
                "t": 52.4465,
                "pop": [
                    0.8,
                    0.2
                ],
                "prb": [
                    1,
                    0.4
                ]
            }
        ]
    }
}